timestamp,instance_type,availability_zone,spot_price,on_demand_price
2024-01-01 00:00:00,m5.large,us-east-1a,0.105,0.15000000000000002
2024-01-01 00:00:00,m5.large,us-east-1b,0.0986,0.15000000000000002
2024-01-01 00:00:00,c5.large,us-east-1a,0.0777,0.13
2024-01-01 00:00:00,c5.large,us-east-1b,0.0777,0.13
2024-01-01 00:00:00,t3.medium,us-east-1a,0.0658,0.1
2024-01-01 00:00:00,t3.medium,us-east-1b,0.1077,0.1
2024-01-01 00:30:00,m5.large,us-east-1a,0.0953,0.15000000000000002
2024-01-01 00:30:00,m5.large,us-east-1b,0.1054,0.15000000000000002
2024-01-01 00:30:00,c5.large,us-east-1a,0.0824,0.13
2024-01-01 00:30:00,c5.large,us-east-1b,0.0609,0.13
2024-01-01 00:30:00,t3.medium,us-east-1a,0.0399,0.1
2024-01-01 00:30:00,t3.medium,us-east-1b,0.0531,0.1
2024-01-01 01:00:00,m5.large,us-east-1a,0.1147,0.15000000000000002
2024-01-01 01:00:00,m5.large,us-east-1b,0.0977,0.15000000000000002
2024-01-01 01:00:00,c5.large,us-east-1a,0.0746,0.13
2024-01-01 01:00:00,c5.large,us-east-1b,0.0811,0.13
2024-01-01 01:00:00,t3.medium,us-east-1a,0.044,0.1
2024-01-01 01:00:00,t3.medium,us-east-1b,0.0471,0.1
2024-01-01 01:30:00,m5.large,us-east-1a,0.0999,0.15000000000000002
2024-01-01 01:30:00,m5.large,us-east-1b,0.1394,0.15000000000000002
2024-01-01 01:30:00,c5.large,us-east-1a,0.0882,0.13
2024-01-01 01:30:00,c5.large,us-east-1b,0.0678,0.13
2024-01-01 01:30:00,t3.medium,us-east-1a,0.0867,0.1
2024-01-01 01:30:00,t3.medium,us-east-1b,0.052,0.1
2024-01-01 02:00:00,m5.large,us-east-1a,0.1074,0.15000000000000002
2024-01-01 02:00:00,m5.large,us-east-1b,0.1017,0.15000000000000002
2024-01-01 02:00:00,c5.large,us-east-1a,0.0788,0.13
2024-01-01 02:00:00,c5.large,us-east-1b,0.077,0.13
2024-01-01 02:00:00,t3.medium,us-east-1a,0.0454,0.1
2024-01-01 02:00:00,t3.medium,us-east-1b,0.0606,0.1
2024-01-01 02:30:00,m5.large,us-east-1a,0.1032,0.15000000000000002
2024-01-01 02:30:00,m5.large,us-east-1b,0.1461,0.15000000000000002
2024-01-01 02:30:00,c5.large,us-east-1a,0.0732,0.13
2024-01-01 02:30:00,c5.large,us-east-1b,0.0861,0.13
2024-01-01 02:30:00,t3.medium,us-east-1a,0.0603,0.1
2024-01-01 02:30:00,t3.medium,us-east-1b,0.0593,0.1
2024-01-01 03:00:00,m5.large,us-east-1a,0.0916,0.15000000000000002
2024-01-01 03:00:00,m5.large,us-east-1b,0.0969,0.15000000000000002
2024-01-01 03:00:00,c5.large,us-east-1a,0.0752,0.13
2024-01-01 03:00:00,c5.large,us-east-1b,0.0781,0.13
2024-01-01 03:00:00,t3.medium,us-east-1a,0.0581,0.1
2024-01-01 03:00:00,t3.medium,us-east-1b,0.0636,0.1
2024-01-01 03:30:00,m5.large,us-east-1a,0.1036,0.15000000000000002
2024-01-01 03:30:00,m5.large,us-east-1b,0.0935,0.15000000000000002
2024-01-01 03:30:00,c5.large,us-east-1a,0.0796,0.13
2024-01-01 03:30:00,c5.large,us-east-1b,0.0956,0.13
2024-01-01 03:30:00,t3.medium,us-east-1a,0.0509,0.1
2024-01-01 03:30:00,t3.medium,us-east-1b,0.047,0.1
2024-01-01 04:00:00,m5.large,us-east-1a,0.0978,0.15000000000000002
2024-01-01 04:00:00,m5.large,us-east-1b,0.1036,0.15000000000000002
2024-01-01 04:00:00,c5.large,us-east-1a,0.1219,0.13
2024-01-01 04:00:00,c5.large,us-east-1b,0.075,0.13
2024-01-01 04:00:00,t3.medium,us-east-1a,0.0592,0.1
2024-01-01 04:00:00,t3.medium,us-east-1b,0.0533,0.1
2024-01-01 04:30:00,m5.large,us-east-1a,0.101,0.15000000000000002
2024-01-01 04:30:00,m5.large,us-east-1b,0.1097,0.15000000000000002
2024-01-01 04:30:00,c5.large,us-east-1a,0.073,0.13
2024-01-01 04:30:00,c5.large,us-east-1b,0.0767,0.13
2024-01-01 04:30:00,t3.medium,us-east-1a,0.053,0.1
2024-01-01 04:30:00,t3.medium,us-east-1b,0.0526,0.1
2024-01-01 05:00:00,m5.large,us-east-1a,0.0858,0.15000000000000002
2024-01-01 05:00:00,m5.large,us-east-1b,0.0958,0.15000000000000002
2024-01-01 05:00:00,c5.large,us-east-1a,0.0784,0.13
2024-01-01 05:00:00,c5.large,us-east-1b,0.084,0.13
2024-01-01 05:00:00,t3.medium,us-east-1a,0.1026,0.1
2024-01-01 05:00:00,t3.medium,us-east-1b,0.0493,0.1
2024-01-01 05:30:00,m5.large,us-east-1a,0.0808,0.15000000000000002
2024-01-01 05:30:00,m5.large,us-east-1b,0.0997,0.15000000000000002
2024-01-01 05:30:00,c5.large,us-east-1a,0.0806,0.13
2024-01-01 05:30:00,c5.large,us-east-1b,0.1046,0.13
2024-01-01 05:30:00,t3.medium,us-east-1a,0.0481,0.1
2024-01-01 05:30:00,t3.medium,us-east-1b,0.053,0.1
2024-01-01 06:00:00,m5.large,us-east-1a,0.1114,0.15000000000000002
2024-01-01 06:00:00,m5.large,us-east-1b,0.1075,0.15000000000000002
2024-01-01 06:00:00,c5.large,us-east-1a,0.094,0.13
2024-01-01 06:00:00,c5.large,us-east-1b,0.066,0.13
2024-01-01 06:00:00,t3.medium,us-east-1a,0.0401,0.1
2024-01-01 06:00:00,t3.medium,us-east-1b,0.0443,0.1
2024-01-01 06:30:00,m5.large,us-east-1a,0.0845,0.15000000000000002
2024-01-01 06:30:00,m5.large,us-east-1b,0.1007,0.15000000000000002
2024-01-01 06:30:00,c5.large,us-east-1a,0.1208,0.13
2024-01-01 06:30:00,c5.large,us-east-1b,0.0955,0.13
2024-01-01 06:30:00,t3.medium,us-east-1a,0.0922,0.1
2024-01-01 06:30:00,t3.medium,us-east-1b,0.0468,0.1
2024-01-01 07:00:00,m5.large,us-east-1a,0.1081,0.15000000000000002
2024-01-01 07:00:00,m5.large,us-east-1b,0.0877,0.15000000000000002
2024-01-01 07:00:00,c5.large,us-east-1a,0.0639,0.13
2024-01-01 07:00:00,c5.large,us-east-1b,0.0818,0.13
2024-01-01 07:00:00,t3.medium,us-east-1a,0.0526,0.1
2024-01-01 07:00:00,t3.medium,us-east-1b,0.0578,0.1
2024-01-01 07:30:00,m5.large,us-east-1a,0.1052,0.15000000000000002
2024-01-01 07:30:00,m5.large,us-east-1b,0.103,0.15000000000000002
2024-01-01 07:30:00,c5.large,us-east-1a,0.0732,0.13
2024-01-01 07:30:00,c5.large,us-east-1b,0.0823,0.13
2024-01-01 07:30:00,t3.medium,us-east-1a,0.0529,0.1
2024-01-01 07:30:00,t3.medium,us-east-1b,0.0429,0.1
2024-01-01 08:00:00,m5.large,us-east-1a,0.1187,0.15000000000000002
2024-01-01 08:00:00,m5.large,us-east-1b,0.1047,0.15000000000000002
2024-01-01 08:00:00,c5.large,us-east-1a,0.0703,0.13
2024-01-01 08:00:00,c5.large,us-east-1b,0.0879,0.13
2024-01-01 08:00:00,t3.medium,us-east-1a,0.0596,0.1
2024-01-01 08:00:00,t3.medium,us-east-1b,0.0541,0.1
2024-01-01 08:30:00,m5.large,us-east-1a,0.0975,0.15000000000000002
2024-01-01 08:30:00,m5.large,us-east-1b,0.0925,0.15000000000000002
2024-01-01 08:30:00,c5.large,us-east-1a,0.0792,0.13
2024-01-01 08:30:00,c5.large,us-east-1b,0.0834,0.13
2024-01-01 08:30:00,t3.medium,us-east-1a,0.0501,0.1
2024-01-01 08:30:00,t3.medium,us-east-1b,0.0645,0.1
2024-01-01 09:00:00,m5.large,us-east-1a,0.1063,0.15000000000000002
2024-01-01 09:00:00,m5.large,us-east-1b,0.0914,0.15000000000000002
2024-01-01 09:00:00,c5.large,us-east-1a,0.1193,0.13
2024-01-01 09:00:00,c5.large,us-east-1b,0.1348,0.13
2024-01-01 09:00:00,t3.medium,us-east-1a,0.0478,0.1
2024-01-01 09:00:00,t3.medium,us-east-1b,0.1071,0.1
2024-01-01 09:30:00,m5.large,us-east-1a,0.1547,0.15000000000000002
2024-01-01 09:30:00,m5.large,us-east-1b,0.0993,0.15000000000000002
2024-01-01 09:30:00,c5.large,us-east-1a,0.0715,0.13
2024-01-01 09:30:00,c5.large,us-east-1b,0.0649,0.13
2024-01-01 09:30:00,t3.medium,us-east-1a,0.1021,0.1
2024-01-01 09:30:00,t3.medium,us-east-1b,0.0375,0.1
2024-01-01 10:00:00,m5.large,us-east-1a,0.0912,0.15000000000000002
2024-01-01 10:00:00,m5.large,us-east-1b,0.1515,0.15000000000000002
2024-01-01 10:00:00,c5.large,us-east-1a,0.0806,0.13
2024-01-01 10:00:00,c5.large,us-east-1b,0.0686,0.13
2024-01-01 10:00:00,t3.medium,us-east-1a,0.0608,0.1
2024-01-01 10:00:00,t3.medium,us-east-1b,0.0605,0.1
2024-01-01 10:30:00,m5.large,us-east-1a,0.1052,0.15000000000000002
2024-01-01 10:30:00,m5.large,us-east-1b,0.1551,0.15000000000000002
2024-01-01 10:30:00,c5.large,us-east-1a,0.0852,0.13
2024-01-01 10:30:00,c5.large,us-east-1b,0.1185,0.13
2024-01-01 10:30:00,t3.medium,us-east-1a,0.0595,0.1
2024-01-01 10:30:00,t3.medium,us-east-1b,0.0565,0.1
2024-01-01 11:00:00,m5.large,us-east-1a,0.0923,0.15000000000000002
2024-01-01 11:00:00,m5.large,us-east-1b,0.0976,0.15000000000000002
2024-01-01 11:00:00,c5.large,us-east-1a,0.1031,0.13
2024-01-01 11:00:00,c5.large,us-east-1b,0.0613,0.13
2024-01-01 11:00:00,t3.medium,us-east-1a,0.0453,0.1
2024-01-01 11:00:00,t3.medium,us-east-1b,0.0609,0.1
2024-01-01 11:30:00,m5.large,us-east-1a,0.0928,0.15000000000000002
2024-01-01 11:30:00,m5.large,us-east-1b,0.1068,0.15000000000000002
2024-01-01 11:30:00,c5.large,us-east-1a,0.0805,0.13
2024-01-01 11:30:00,c5.large,us-east-1b,0.0735,0.13
2024-01-01 11:30:00,t3.medium,us-east-1a,0.0297,0.1
2024-01-01 11:30:00,t3.medium,us-east-1b,0.0519,0.1
2024-01-01 12:00:00,m5.large,us-east-1a,0.0921,0.15000000000000002
2024-01-01 12:00:00,m5.large,us-east-1b,0.1489,0.15000000000000002
2024-01-01 12:00:00,c5.large,us-east-1a,0.085,0.13
2024-01-01 12:00:00,c5.large,us-east-1b,0.0887,0.13
2024-01-01 12:00:00,t3.medium,us-east-1a,0.0453,0.1
2024-01-01 12:00:00,t3.medium,us-east-1b,0.0435,0.1
2024-01-01 12:30:00,m5.large,us-east-1a,0.1374,0.15000000000000002
2024-01-01 12:30:00,m5.large,us-east-1b,0.1092,0.15000000000000002
2024-01-01 12:30:00,c5.large,us-east-1a,0.1012,0.13
2024-01-01 12:30:00,c5.large,us-east-1b,0.0903,0.13
2024-01-01 12:30:00,t3.medium,us-east-1a,0.0627,0.1
2024-01-01 12:30:00,t3.medium,us-east-1b,0.0429,0.1
2024-01-01 13:00:00,m5.large,us-east-1a,0.1044,0.15000000000000002
2024-01-01 13:00:00,m5.large,us-east-1b,0.1077,0.15000000000000002
2024-01-01 13:00:00,c5.large,us-east-1a,0.0476,0.13
2024-01-01 13:00:00,c5.large,us-east-1b,0.0698,0.13
2024-01-01 13:00:00,t3.medium,us-east-1a,0.0663,0.1
2024-01-01 13:00:00,t3.medium,us-east-1b,0.0357,0.1
2024-01-01 13:30:00,m5.large,us-east-1a,0.1144,0.15000000000000002
2024-01-01 13:30:00,m5.large,us-east-1b,0.0856,0.15000000000000002
2024-01-01 13:30:00,c5.large,us-east-1a,0.0702,0.13
2024-01-01 13:30:00,c5.large,us-east-1b,0.0846,0.13
2024-01-01 13:30:00,t3.medium,us-east-1a,0.1007,0.1
2024-01-01 13:30:00,t3.medium,us-east-1b,0.0461,0.1
2024-01-01 14:00:00,m5.large,us-east-1a,0.1159,0.15000000000000002
2024-01-01 14:00:00,m5.large,us-east-1b,0.0876,0.15000000000000002
2024-01-01 14:00:00,c5.large,us-east-1a,0.1285,0.13
2024-01-01 14:00:00,c5.large,us-east-1b,0.1359,0.13
2024-01-01 14:00:00,t3.medium,us-east-1a,0.0528,0.1
2024-01-01 14:00:00,t3.medium,us-east-1b,0.0438,0.1
2024-01-01 14:30:00,m5.large,us-east-1a,0.0941,0.15000000000000002
2024-01-01 14:30:00,m5.large,us-east-1b,0.1085,0.15000000000000002
2024-01-01 14:30:00,c5.large,us-east-1a,0.089,0.13
2024-01-01 14:30:00,c5.large,us-east-1b,0.0831,0.13
2024-01-01 14:30:00,t3.medium,us-east-1a,0.0417,0.1
2024-01-01 14:30:00,t3.medium,us-east-1b,0.0444,0.1
2024-01-01 15:00:00,m5.large,us-east-1a,0.0998,0.15000000000000002
2024-01-01 15:00:00,m5.large,us-east-1b,0.1012,0.15000000000000002
2024-01-01 15:00:00,c5.large,us-east-1a,0.0855,0.13
2024-01-01 15:00:00,c5.large,us-east-1b,0.078,0.13
2024-01-01 15:00:00,t3.medium,us-east-1a,0.0583,0.1
2024-01-01 15:00:00,t3.medium,us-east-1b,0.1081,0.1
2024-01-01 15:30:00,m5.large,us-east-1a,0.1131,0.15000000000000002
2024-01-01 15:30:00,m5.large,us-east-1b,0.1002,0.15000000000000002
2024-01-01 15:30:00,c5.large,us-east-1a,0.1332,0.13
2024-01-01 15:30:00,c5.large,us-east-1b,0.0787,0.13
2024-01-01 15:30:00,t3.medium,us-east-1a,0.0418,0.1
2024-01-01 15:30:00,t3.medium,us-east-1b,0.0709,0.1
2024-01-01 16:00:00,m5.large,us-east-1a,0.1116,0.15000000000000002
2024-01-01 16:00:00,m5.large,us-east-1b,0.1079,0.15000000000000002
2024-01-01 16:00:00,c5.large,us-east-1a,0.0799,0.13
2024-01-01 16:00:00,c5.large,us-east-1b,0.071,0.13
2024-01-01 16:00:00,t3.medium,us-east-1a,0.0598,0.1
2024-01-01 16:00:00,t3.medium,us-east-1b,0.0485,0.1
2024-01-01 16:30:00,m5.large,us-east-1a,0.1041,0.15000000000000002
2024-01-01 16:30:00,m5.large,us-east-1b,0.0944,0.15000000000000002
2024-01-01 16:30:00,c5.large,us-east-1a,0.0824,0.13
2024-01-01 16:30:00,c5.large,us-east-1b,0.0749,0.13
2024-01-01 16:30:00,t3.medium,us-east-1a,0.0453,0.1
2024-01-01 16:30:00,t3.medium,us-east-1b,0.1023,0.1
2024-01-01 17:00:00,m5.large,us-east-1a,0.0855,0.15000000000000002
2024-01-01 17:00:00,m5.large,us-east-1b,0.1359,0.15000000000000002
2024-01-01 17:00:00,c5.large,us-east-1a,0.0728,0.13
2024-01-01 17:00:00,c5.large,us-east-1b,0.0779,0.13
2024-01-01 17:00:00,t3.medium,us-east-1a,0.0586,0.1
2024-01-01 17:00:00,t3.medium,us-east-1b,0.0484,0.1
2024-01-01 17:30:00,m5.large,us-east-1a,0.0998,0.15000000000000002
2024-01-01 17:30:00,m5.large,us-east-1b,0.0971,0.15000000000000002
2024-01-01 17:30:00,c5.large,us-east-1a,0.0832,0.13
2024-01-01 17:30:00,c5.large,us-east-1b,0.0717,0.13
2024-01-01 17:30:00,t3.medium,us-east-1a,0.0489,0.1
2024-01-01 17:30:00,t3.medium,us-east-1b,0.054,0.1
2024-01-01 18:00:00,m5.large,us-east-1a,0.1022,0.15000000000000002
2024-01-01 18:00:00,m5.large,us-east-1b,0.1001,0.15000000000000002
2024-01-01 18:00:00,c5.large,us-east-1a,0.0802,0.13
2024-01-01 18:00:00,c5.large,us-east-1b,0.085,0.13
2024-01-01 18:00:00,t3.medium,us-east-1a,0.0715,0.1
2024-01-01 18:00:00,t3.medium,us-east-1b,0.0923,0.1
2024-01-01 18:30:00,m5.large,us-east-1a,0.1219,0.15000000000000002
2024-01-01 18:30:00,m5.large,us-east-1b,0.0919,0.15000000000000002
2024-01-01 18:30:00,c5.large,us-east-1a,0.0588,0.13
2024-01-01 18:30:00,c5.large,us-east-1b,0.0747,0.13
2024-01-01 18:30:00,t3.medium,us-east-1a,0.0534,0.1
2024-01-01 18:30:00,t3.medium,us-east-1b,0.0688,0.1
2024-01-01 19:00:00,m5.large,us-east-1a,0.141,0.15000000000000002
2024-01-01 19:00:00,m5.large,us-east-1b,0.1049,0.15000000000000002
2024-01-01 19:00:00,c5.large,us-east-1a,0.1168,0.13
2024-01-01 19:00:00,c5.large,us-east-1b,0.0983,0.13
2024-01-01 19:00:00,t3.medium,us-east-1a,0.1118,0.1
2024-01-01 19:00:00,t3.medium,us-east-1b,0.0453,0.1
2024-01-01 19:30:00,m5.large,us-east-1a,0.1329,0.15000000000000002
2024-01-01 19:30:00,m5.large,us-east-1b,0.1135,0.15000000000000002
2024-01-01 19:30:00,c5.large,us-east-1a,0.0789,0.13
2024-01-01 19:30:00,c5.large,us-east-1b,0.0924,0.13
2024-01-01 19:30:00,t3.medium,us-east-1a,0.0501,0.1
2024-01-01 19:30:00,t3.medium,us-east-1b,0.1005,0.1
2024-01-01 20:00:00,m5.large,us-east-1a,0.0955,0.15000000000000002
2024-01-01 20:00:00,m5.large,us-east-1b,0.1062,0.15000000000000002
2024-01-01 20:00:00,c5.large,us-east-1a,0.0812,0.13
2024-01-01 20:00:00,c5.large,us-east-1b,0.0851,0.13
2024-01-01 20:00:00,t3.medium,us-east-1a,0.0347,0.1
2024-01-01 20:00:00,t3.medium,us-east-1b,0.0628,0.1
2024-01-01 20:30:00,m5.large,us-east-1a,0.1155,0.15000000000000002
2024-01-01 20:30:00,m5.large,us-east-1b,0.1012,0.15000000000000002
2024-01-01 20:30:00,c5.large,us-east-1a,0.1006,0.13
2024-01-01 20:30:00,c5.large,us-east-1b,0.0976,0.13
2024-01-01 20:30:00,t3.medium,us-east-1a,0.0565,0.1
2024-01-01 20:30:00,t3.medium,us-east-1b,0.0637,0.1
2024-01-01 21:00:00,m5.large,us-east-1a,0.1106,0.15000000000000002
2024-01-01 21:00:00,m5.large,us-east-1b,0.0824,0.15000000000000002
2024-01-01 21:00:00,c5.large,us-east-1a,0.0773,0.13
2024-01-01 21:00:00,c5.large,us-east-1b,0.0872,0.13
2024-01-01 21:00:00,t3.medium,us-east-1a,0.0663,0.1
2024-01-01 21:00:00,t3.medium,us-east-1b,0.0862,0.1
2024-01-01 21:30:00,m5.large,us-east-1a,0.083,0.15000000000000002
2024-01-01 21:30:00,m5.large,us-east-1b,0.1494,0.15000000000000002
2024-01-01 21:30:00,c5.large,us-east-1a,0.0593,0.13
2024-01-01 21:30:00,c5.large,us-east-1b,0.0791,0.13
2024-01-01 21:30:00,t3.medium,us-east-1a,0.0537,0.1
2024-01-01 21:30:00,t3.medium,us-east-1b,0.0406,0.1
2024-01-01 22:00:00,m5.large,us-east-1a,0.0994,0.15000000000000002
2024-01-01 22:00:00,m5.large,us-east-1b,0.1096,0.15000000000000002
2024-01-01 22:00:00,c5.large,us-east-1a,0.0747,0.13
2024-01-01 22:00:00,c5.large,us-east-1b,0.0721,0.13
2024-01-01 22:00:00,t3.medium,us-east-1a,0.0489,0.1
2024-01-01 22:00:00,t3.medium,us-east-1b,0.0396,0.1
2024-01-01 22:30:00,m5.large,us-east-1a,0.1196,0.15000000000000002
2024-01-01 22:30:00,m5.large,us-east-1b,0.1004,0.15000000000000002
2024-01-01 22:30:00,c5.large,us-east-1a,0.073,0.13
2024-01-01 22:30:00,c5.large,us-east-1b,0.1321,0.13
2024-01-01 22:30:00,t3.medium,us-east-1a,0.0489,0.1
2024-01-01 22:30:00,t3.medium,us-east-1b,0.0478,0.1
2024-01-01 23:00:00,m5.large,us-east-1a,0.0947,0.15000000000000002
2024-01-01 23:00:00,m5.large,us-east-1b,0.0942,0.15000000000000002
2024-01-01 23:00:00,c5.large,us-east-1a,0.0648,0.13
2024-01-01 23:00:00,c5.large,us-east-1b,0.0937,0.13
2024-01-01 23:00:00,t3.medium,us-east-1a,0.0558,0.1
2024-01-01 23:00:00,t3.medium,us-east-1b,0.0531,0.1
2024-01-01 23:30:00,m5.large,us-east-1a,0.0987,0.15000000000000002
2024-01-01 23:30:00,m5.large,us-east-1b,0.0904,0.15000000000000002
2024-01-01 23:30:00,c5.large,us-east-1a,0.0724,0.13
2024-01-01 23:30:00,c5.large,us-east-1b,0.0658,0.13
2024-01-01 23:30:00,t3.medium,us-east-1a,0.0435,0.1
2024-01-01 23:30:00,t3.medium,us-east-1b,0.0392,0.1
2024-01-02 00:00:00,m5.large,us-east-1a,0.1169,0.15000000000000002
2024-01-02 00:00:00,m5.large,us-east-1b,0.1088,0.15000000000000002
2024-01-02 00:00:00,c5.large,us-east-1a,0.0808,0.13
2024-01-02 00:00:00,c5.large,us-east-1b,0.0714,0.13
2024-01-02 00:00:00,t3.medium,us-east-1a,0.0396,0.1
2024-01-02 00:00:00,t3.medium,us-east-1b,0.0481,0.1
2024-01-02 00:30:00,m5.large,us-east-1a,0.1093,0.15000000000000002
2024-01-02 00:30:00,m5.large,us-east-1b,0.1691,0.15000000000000002
2024-01-02 00:30:00,c5.large,us-east-1a,0.066,0.13
2024-01-02 00:30:00,c5.large,us-east-1b,0.0856,0.13
2024-01-02 00:30:00,t3.medium,us-east-1a,0.0435,0.1
2024-01-02 00:30:00,t3.medium,us-east-1b,0.0451,0.1
2024-01-02 01:00:00,m5.large,us-east-1a,0.1005,0.15000000000000002
2024-01-02 01:00:00,m5.large,us-east-1b,0.1417,0.15000000000000002
2024-01-02 01:00:00,c5.large,us-east-1a,0.1276,0.13
2024-01-02 01:00:00,c5.large,us-east-1b,0.0709,0.13
2024-01-02 01:00:00,t3.medium,us-east-1a,0.0442,0.1
2024-01-02 01:00:00,t3.medium,us-east-1b,0.0576,0.1
2024-01-02 01:30:00,m5.large,us-east-1a,0.101,0.15000000000000002
2024-01-02 01:30:00,m5.large,us-east-1b,0.1075,0.15000000000000002
2024-01-02 01:30:00,c5.large,us-east-1a,0.0734,0.13
2024-01-02 01:30:00,c5.large,us-east-1b,0.0857,0.13
2024-01-02 01:30:00,t3.medium,us-east-1a,0.0337,0.1
2024-01-02 01:30:00,t3.medium,us-east-1b,0.0505,0.1
2024-01-02 02:00:00,m5.large,us-east-1a,0.1064,0.15000000000000002
2024-01-02 02:00:00,m5.large,us-east-1b,0.0834,0.15000000000000002
2024-01-02 02:00:00,c5.large,us-east-1a,0.0735,0.13
2024-01-02 02:00:00,c5.large,us-east-1b,0.0805,0.13
2024-01-02 02:00:00,t3.medium,us-east-1a,0.0601,0.1
2024-01-02 02:00:00,t3.medium,us-east-1b,0.0442,0.1
2024-01-02 02:30:00,m5.large,us-east-1a,0.1053,0.15000000000000002
2024-01-02 02:30:00,m5.large,us-east-1b,0.1144,0.15000000000000002
2024-01-02 02:30:00,c5.large,us-east-1a,0.0858,0.13
2024-01-02 02:30:00,c5.large,us-east-1b,0.128,0.13
2024-01-02 02:30:00,t3.medium,us-east-1a,0.1037,0.1
2024-01-02 02:30:00,t3.medium,us-east-1b,0.044,0.1
2024-01-02 03:00:00,m5.large,us-east-1a,0.1009,0.15000000000000002
2024-01-02 03:00:00,m5.large,us-east-1b,0.0984,0.15000000000000002
2024-01-02 03:00:00,c5.large,us-east-1a,0.0834,0.13
2024-01-02 03:00:00,c5.large,us-east-1b,0.0759,0.13
2024-01-02 03:00:00,t3.medium,us-east-1a,0.0539,0.1
2024-01-02 03:00:00,t3.medium,us-east-1b,0.0458,0.1
2024-01-02 03:30:00,m5.large,us-east-1a,0.1087,0.15000000000000002
2024-01-02 03:30:00,m5.large,us-east-1b,0.0967,0.15000000000000002
2024-01-02 03:30:00,c5.large,us-east-1a,0.0596,0.13
2024-01-02 03:30:00,c5.large,us-east-1b,0.0699,0.13
2024-01-02 03:30:00,t3.medium,us-east-1a,0.0502,0.1
2024-01-02 03:30:00,t3.medium,us-east-1b,0.0668,0.1
2024-01-02 04:00:00,m5.large,us-east-1a,0.1583,0.15000000000000002
2024-01-02 04:00:00,m5.large,us-east-1b,0.0779,0.15000000000000002
2024-01-02 04:00:00,c5.large,us-east-1a,0.0652,0.13
2024-01-02 04:00:00,c5.large,us-east-1b,0.0914,0.13
2024-01-02 04:00:00,t3.medium,us-east-1a,0.0563,0.1
2024-01-02 04:00:00,t3.medium,us-east-1b,0.0727,0.1
2024-01-02 04:30:00,m5.large,us-east-1a,0.0954,0.15000000000000002
2024-01-02 04:30:00,m5.large,us-east-1b,0.0915,0.15000000000000002
2024-01-02 04:30:00,c5.large,us-east-1a,0.0807,0.13
2024-01-02 04:30:00,c5.large,us-east-1b,0.0752,0.13
2024-01-02 04:30:00,t3.medium,us-east-1a,0.0604,0.1
2024-01-02 04:30:00,t3.medium,us-east-1b,0.0449,0.1
2024-01-02 05:00:00,m5.large,us-east-1a,0.0973,0.15000000000000002
2024-01-02 05:00:00,m5.large,us-east-1b,0.0902,0.15000000000000002
2024-01-02 05:00:00,c5.large,us-east-1a,0.0876,0.13
2024-01-02 05:00:00,c5.large,us-east-1b,0.0708,0.13
2024-01-02 05:00:00,t3.medium,us-east-1a,0.0541,0.1
2024-01-02 05:00:00,t3.medium,us-east-1b,0.0688,0.1
2024-01-02 05:30:00,m5.large,us-east-1a,0.0822,0.15000000000000002
2024-01-02 05:30:00,m5.large,us-east-1b,0.165,0.15000000000000002
2024-01-02 05:30:00,c5.large,us-east-1a,0.0828,0.13
2024-01-02 05:30:00,c5.large,us-east-1b,0.0687,0.13
2024-01-02 05:30:00,t3.medium,us-east-1a,0.0511,0.1
2024-01-02 05:30:00,t3.medium,us-east-1b,0.1073,0.1
2024-01-02 06:00:00,m5.large,us-east-1a,0.0921,0.15000000000000002
2024-01-02 06:00:00,m5.large,us-east-1b,0.1047,0.15000000000000002
2024-01-02 06:00:00,c5.large,us-east-1a,0.1459,0.13
2024-01-02 06:00:00,c5.large,us-east-1b,0.1249,0.13
2024-01-02 06:00:00,t3.medium,us-east-1a,0.0901,0.1
2024-01-02 06:00:00,t3.medium,us-east-1b,0.0487,0.1
2024-01-02 06:30:00,m5.large,us-east-1a,0.1006,0.15000000000000002
2024-01-02 06:30:00,m5.large,us-east-1b,0.1109,0.15000000000000002
2024-01-02 06:30:00,c5.large,us-east-1a,0.0784,0.13
2024-01-02 06:30:00,c5.large,us-east-1b,0.0757,0.13
2024-01-02 06:30:00,t3.medium,us-east-1a,0.0399,0.1
2024-01-02 06:30:00,t3.medium,us-east-1b,0.0835,0.1
2024-01-02 07:00:00,m5.large,us-east-1a,0.0871,0.15000000000000002
2024-01-02 07:00:00,m5.large,us-east-1b,0.087,0.15000000000000002
2024-01-02 07:00:00,c5.large,us-east-1a,0.0774,0.13
2024-01-02 07:00:00,c5.large,us-east-1b,0.065,0.13
2024-01-02 07:00:00,t3.medium,us-east-1a,0.073,0.1
2024-01-02 07:00:00,t3.medium,us-east-1b,0.0495,0.1
2024-01-02 07:30:00,m5.large,us-east-1a,0.1185,0.15000000000000002
2024-01-02 07:30:00,m5.large,us-east-1b,0.1113,0.15000000000000002
2024-01-02 07:30:00,c5.large,us-east-1a,0.0773,0.13
2024-01-02 07:30:00,c5.large,us-east-1b,0.1189,0.13
2024-01-02 07:30:00,t3.medium,us-east-1a,0.0757,0.1
2024-01-02 07:30:00,t3.medium,us-east-1b,0.0506,0.1
2024-01-02 08:00:00,m5.large,us-east-1a,0.102,0.15000000000000002
2024-01-02 08:00:00,m5.large,us-east-1b,0.0986,0.15000000000000002
2024-01-02 08:00:00,c5.large,us-east-1a,0.0797,0.13
2024-01-02 08:00:00,c5.large,us-east-1b,0.0746,0.13
2024-01-02 08:00:00,t3.medium,us-east-1a,0.0475,0.1
2024-01-02 08:00:00,t3.medium,us-east-1b,0.065,0.1
2024-01-02 08:30:00,m5.large,us-east-1a,0.1125,0.15000000000000002
2024-01-02 08:30:00,m5.large,us-east-1b,0.0793,0.15000000000000002
2024-01-02 08:30:00,c5.large,us-east-1a,0.0659,0.13
2024-01-02 08:30:00,c5.large,us-east-1b,0.0722,0.13
2024-01-02 08:30:00,t3.medium,us-east-1a,0.0594,0.1
2024-01-02 08:30:00,t3.medium,us-east-1b,0.0627,0.1
2024-01-02 09:00:00,m5.large,us-east-1a,0.1072,0.15000000000000002
2024-01-02 09:00:00,m5.large,us-east-1b,0.0887,0.15000000000000002
2024-01-02 09:00:00,c5.large,us-east-1a,0.0748,0.13
2024-01-02 09:00:00,c5.large,us-east-1b,0.0849,0.13
2024-01-02 09:00:00,t3.medium,us-east-1a,0.0476,0.1
2024-01-02 09:00:00,t3.medium,us-east-1b,0.0463,0.1
2024-01-02 09:30:00,m5.large,us-east-1a,0.0964,0.15000000000000002
2024-01-02 09:30:00,m5.large,us-east-1b,0.1116,0.15000000000000002
2024-01-02 09:30:00,c5.large,us-east-1a,0.0859,0.13
2024-01-02 09:30:00,c5.large,us-east-1b,0.0769,0.13
2024-01-02 09:30:00,t3.medium,us-east-1a,0.0533,0.1
2024-01-02 09:30:00,t3.medium,us-east-1b,0.0375,0.1
2024-01-02 10:00:00,m5.large,us-east-1a,0.0948,0.15000000000000002
2024-01-02 10:00:00,m5.large,us-east-1b,0.1105,0.15000000000000002
2024-01-02 10:00:00,c5.large,us-east-1a,0.0644,0.13
2024-01-02 10:00:00,c5.large,us-east-1b,0.0861,0.13
2024-01-02 10:00:00,t3.medium,us-east-1a,0.0292,0.1
2024-01-02 10:00:00,t3.medium,us-east-1b,0.117,0.1
2024-01-02 10:30:00,m5.large,us-east-1a,0.0946,0.15000000000000002
2024-01-02 10:30:00,m5.large,us-east-1b,0.104,0.15000000000000002
2024-01-02 10:30:00,c5.large,us-east-1a,0.0811,0.13
2024-01-02 10:30:00,c5.large,us-east-1b,0.0815,0.13
2024-01-02 10:30:00,t3.medium,us-east-1a,0.0531,0.1
2024-01-02 10:30:00,t3.medium,us-east-1b,0.0329,0.1
2024-01-02 11:00:00,m5.large,us-east-1a,0.1517,0.15000000000000002
2024-01-02 11:00:00,m5.large,us-east-1b,0.0982,0.15000000000000002
2024-01-02 11:00:00,c5.large,us-east-1a,0.0746,0.13
2024-01-02 11:00:00,c5.large,us-east-1b,0.1222,0.13
2024-01-02 11:00:00,t3.medium,us-east-1a,0.052,0.1
2024-01-02 11:00:00,t3.medium,us-east-1b,0.0402,0.1
2024-01-02 11:30:00,m5.large,us-east-1a,0.1103,0.15000000000000002
2024-01-02 11:30:00,m5.large,us-east-1b,0.1047,0.15000000000000002
2024-01-02 11:30:00,c5.large,us-east-1a,0.0826,0.13
2024-01-02 11:30:00,c5.large,us-east-1b,0.0898,0.13
2024-01-02 11:30:00,t3.medium,us-east-1a,0.0316,0.1
2024-01-02 11:30:00,t3.medium,us-east-1b,0.0372,0.1
2024-01-02 12:00:00,m5.large,us-east-1a,0.1052,0.15000000000000002
2024-01-02 12:00:00,m5.large,us-east-1b,0.0927,0.15000000000000002
2024-01-02 12:00:00,c5.large,us-east-1a,0.0739,0.13
2024-01-02 12:00:00,c5.large,us-east-1b,0.0659,0.13
2024-01-02 12:00:00,t3.medium,us-east-1a,0.0402,0.1
2024-01-02 12:00:00,t3.medium,us-east-1b,0.0605,0.1
2024-01-02 12:30:00,m5.large,us-east-1a,0.1049,0.15000000000000002
2024-01-02 12:30:00,m5.large,us-east-1b,0.1018,0.15000000000000002
2024-01-02 12:30:00,c5.large,us-east-1a,0.0742,0.13
2024-01-02 12:30:00,c5.large,us-east-1b,0.0812,0.13
2024-01-02 12:30:00,t3.medium,us-east-1a,0.0615,0.1
2024-01-02 12:30:00,t3.medium,us-east-1b,0.043,0.1
2024-01-02 13:00:00,m5.large,us-east-1a,0.0997,0.15000000000000002
2024-01-02 13:00:00,m5.large,us-east-1b,0.1177,0.15000000000000002
2024-01-02 13:00:00,c5.large,us-east-1a,0.0871,0.13
2024-01-02 13:00:00,c5.large,us-east-1b,0.0744,0.13
2024-01-02 13:00:00,t3.medium,us-east-1a,0.0562,0.1
2024-01-02 13:00:00,t3.medium,us-east-1b,0.0343,0.1
2024-01-02 13:30:00,m5.large,us-east-1a,0.0993,0.15000000000000002
2024-01-02 13:30:00,m5.large,us-east-1b,0.1062,0.15000000000000002
2024-01-02 13:30:00,c5.large,us-east-1a,0.0838,0.13
2024-01-02 13:30:00,c5.large,us-east-1b,0.0861,0.13
2024-01-02 13:30:00,t3.medium,us-east-1a,0.0583,0.1
2024-01-02 13:30:00,t3.medium,us-east-1b,0.0546,0.1
2024-01-02 14:00:00,m5.large,us-east-1a,0.1043,0.15000000000000002
2024-01-02 14:00:00,m5.large,us-east-1b,0.1021,0.15000000000000002
2024-01-02 14:00:00,c5.large,us-east-1a,0.1192,0.13
2024-01-02 14:00:00,c5.large,us-east-1b,0.1405,0.13
2024-01-02 14:00:00,t3.medium,us-east-1a,0.0496,0.1
2024-01-02 14:00:00,t3.medium,us-east-1b,0.0568,0.1
2024-01-02 14:30:00,m5.large,us-east-1a,0.1094,0.15000000000000002
2024-01-02 14:30:00,m5.large,us-east-1b,0.0948,0.15000000000000002
2024-01-02 14:30:00,c5.large,us-east-1a,0.0757,0.13
2024-01-02 14:30:00,c5.large,us-east-1b,0.0769,0.13
2024-01-02 14:30:00,t3.medium,us-east-1a,0.0626,0.1
2024-01-02 14:30:00,t3.medium,us-east-1b,0.0411,0.1
2024-01-02 15:00:00,m5.large,us-east-1a,0.1145,0.15000000000000002
2024-01-02 15:00:00,m5.large,us-east-1b,0.102,0.15000000000000002
2024-01-02 15:00:00,c5.large,us-east-1a,0.0827,0.13
2024-01-02 15:00:00,c5.large,us-east-1b,0.0889,0.13
2024-01-02 15:00:00,t3.medium,us-east-1a,0.1008,0.1
2024-01-02 15:00:00,t3.medium,us-east-1b,0.0607,0.1
2024-01-02 15:30:00,m5.large,us-east-1a,0.0948,0.15000000000000002
2024-01-02 15:30:00,m5.large,us-east-1b,0.1141,0.15000000000000002
2024-01-02 15:30:00,c5.large,us-east-1a,0.0755,0.13
2024-01-02 15:30:00,c5.large,us-east-1b,0.0945,0.13
2024-01-02 15:30:00,t3.medium,us-east-1a,0.0458,0.1
2024-01-02 15:30:00,t3.medium,us-east-1b,0.0472,0.1
2024-01-02 16:00:00,m5.large,us-east-1a,0.09,0.15000000000000002
2024-01-02 16:00:00,m5.large,us-east-1b,0.0923,0.15000000000000002
2024-01-02 16:00:00,c5.large,us-east-1a,0.0797,0.13
2024-01-02 16:00:00,c5.large,us-east-1b,0.0823,0.13
2024-01-02 16:00:00,t3.medium,us-east-1a,0.1098,0.1
2024-01-02 16:00:00,t3.medium,us-east-1b,0.0479,0.1
2024-01-02 16:30:00,m5.large,us-east-1a,0.1388,0.15000000000000002
2024-01-02 16:30:00,m5.large,us-east-1b,0.1038,0.15000000000000002
2024-01-02 16:30:00,c5.large,us-east-1a,0.0817,0.13
2024-01-02 16:30:00,c5.large,us-east-1b,0.0849,0.13
2024-01-02 16:30:00,t3.medium,us-east-1a,0.0436,0.1
2024-01-02 16:30:00,t3.medium,us-east-1b,0.0447,0.1
2024-01-02 17:00:00,m5.large,us-east-1a,0.0936,0.15000000000000002
2024-01-02 17:00:00,m5.large,us-east-1b,0.1619,0.15000000000000002
2024-01-02 17:00:00,c5.large,us-east-1a,0.0942,0.13
2024-01-02 17:00:00,c5.large,us-east-1b,0.0743,0.13
2024-01-02 17:00:00,t3.medium,us-east-1a,0.0445,0.1
2024-01-02 17:00:00,t3.medium,us-east-1b,0.0563,0.1
2024-01-02 17:30:00,m5.large,us-east-1a,0.1155,0.15000000000000002
2024-01-02 17:30:00,m5.large,us-east-1b,0.118,0.15000000000000002
2024-01-02 17:30:00,c5.large,us-east-1a,0.0739,0.13
2024-01-02 17:30:00,c5.large,us-east-1b,0.1261,0.13
2024-01-02 17:30:00,t3.medium,us-east-1a,0.0529,0.1
2024-01-02 17:30:00,t3.medium,us-east-1b,0.0533,0.1
2024-01-02 18:00:00,m5.large,us-east-1a,0.0982,0.15000000000000002
2024-01-02 18:00:00,m5.large,us-east-1b,0.092,0.15000000000000002
2024-01-02 18:00:00,c5.large,us-east-1a,0.0797,0.13
2024-01-02 18:00:00,c5.large,us-east-1b,0.0979,0.13
2024-01-02 18:00:00,t3.medium,us-east-1a,0.0448,0.1
2024-01-02 18:00:00,t3.medium,us-east-1b,0.0522,0.1
2024-01-02 18:30:00,m5.large,us-east-1a,0.1253,0.15000000000000002
2024-01-02 18:30:00,m5.large,us-east-1b,0.0947,0.15000000000000002
2024-01-02 18:30:00,c5.large,us-east-1a,0.0868,0.13
2024-01-02 18:30:00,c5.large,us-east-1b,0.0985,0.13
2024-01-02 18:30:00,t3.medium,us-east-1a,0.0559,0.1
2024-01-02 18:30:00,t3.medium,us-east-1b,0.0611,0.1
2024-01-02 19:00:00,m5.large,us-east-1a,0.1082,0.15000000000000002
2024-01-02 19:00:00,m5.large,us-east-1b,0.1051,0.15000000000000002
2024-01-02 19:00:00,c5.large,us-east-1a,0.0938,0.13
2024-01-02 19:00:00,c5.large,us-east-1b,0.0865,0.13
2024-01-02 19:00:00,t3.medium,us-east-1a,0.0483,0.1
2024-01-02 19:00:00,t3.medium,us-east-1b,0.0515,0.1
2024-01-02 19:30:00,m5.large,us-east-1a,0.1037,0.15000000000000002
2024-01-02 19:30:00,m5.large,us-east-1b,0.0961,0.15000000000000002
2024-01-02 19:30:00,c5.large,us-east-1a,0.0819,0.13
2024-01-02 19:30:00,c5.large,us-east-1b,0.0805,0.13
2024-01-02 19:30:00,t3.medium,us-east-1a,0.0565,0.1
2024-01-02 19:30:00,t3.medium,us-east-1b,0.0716,0.1
2024-01-02 20:00:00,m5.large,us-east-1a,0.1525,0.15000000000000002
2024-01-02 20:00:00,m5.large,us-east-1b,0.1158,0.15000000000000002
2024-01-02 20:00:00,c5.large,us-east-1a,0.0861,0.13
2024-01-02 20:00:00,c5.large,us-east-1b,0.1319,0.13
2024-01-02 20:00:00,t3.medium,us-east-1a,0.0455,0.1
2024-01-02 20:00:00,t3.medium,us-east-1b,0.0519,0.1
2024-01-02 20:30:00,m5.large,us-east-1a,0.1013,0.15000000000000002
2024-01-02 20:30:00,m5.large,us-east-1b,0.093,0.15000000000000002
2024-01-02 20:30:00,c5.large,us-east-1a,0.0744,0.13
2024-01-02 20:30:00,c5.large,us-east-1b,0.0838,0.13
2024-01-02 20:30:00,t3.medium,us-east-1a,0.0657,0.1
2024-01-02 20:30:00,t3.medium,us-east-1b,0.0493,0.1
2024-01-02 21:00:00,m5.large,us-east-1a,0.0855,0.15000000000000002
2024-01-02 21:00:00,m5.large,us-east-1b,0.078,0.15000000000000002
2024-01-02 21:00:00,c5.large,us-east-1a,0.0698,0.13
2024-01-02 21:00:00,c5.large,us-east-1b,0.0871,0.13
2024-01-02 21:00:00,t3.medium,us-east-1a,0.0872,0.1
2024-01-02 21:00:00,t3.medium,us-east-1b,0.0587,0.1
2024-01-02 21:30:00,m5.large,us-east-1a,0.1065,0.15000000000000002
2024-01-02 21:30:00,m5.large,us-east-1b,0.099,0.15000000000000002
2024-01-02 21:30:00,c5.large,us-east-1a,0.1147,0.13
2024-01-02 21:30:00,c5.large,us-east-1b,0.0731,0.13
2024-01-02 21:30:00,t3.medium,us-east-1a,0.0476,0.1
2024-01-02 21:30:00,t3.medium,us-east-1b,0.0535,0.1
2024-01-02 22:00:00,m5.large,us-east-1a,0.0875,0.15000000000000002
2024-01-02 22:00:00,m5.large,us-east-1b,0.1144,0.15000000000000002
2024-01-02 22:00:00,c5.large,us-east-1a,0.0834,0.13
2024-01-02 22:00:00,c5.large,us-east-1b,0.0846,0.13
2024-01-02 22:00:00,t3.medium,us-east-1a,0.0564,0.1
2024-01-02 22:00:00,t3.medium,us-east-1b,0.0633,0.1
2024-01-02 22:30:00,m5.large,us-east-1a,0.102,0.15000000000000002
2024-01-02 22:30:00,m5.large,us-east-1b,0.1071,0.15000000000000002
2024-01-02 22:30:00,c5.large,us-east-1a,0.0732,0.13
2024-01-02 22:30:00,c5.large,us-east-1b,0.098,0.13
2024-01-02 22:30:00,t3.medium,us-east-1a,0.0513,0.1
2024-01-02 22:30:00,t3.medium,us-east-1b,0.0432,0.1
2024-01-02 23:00:00,m5.large,us-east-1a,0.0955,0.15000000000000002
2024-01-02 23:00:00,m5.large,us-east-1b,0.0811,0.15000000000000002
2024-01-02 23:00:00,c5.large,us-east-1a,0.0755,0.13
2024-01-02 23:00:00,c5.large,us-east-1b,0.0558,0.13
2024-01-02 23:00:00,t3.medium,us-east-1a,0.0579,0.1
2024-01-02 23:00:00,t3.medium,us-east-1b,0.0543,0.1
2024-01-02 23:30:00,m5.large,us-east-1a,0.0903,0.15000000000000002
2024-01-02 23:30:00,m5.large,us-east-1b,0.1495,0.15000000000000002
2024-01-02 23:30:00,c5.large,us-east-1a,0.08,0.13
2024-01-02 23:30:00,c5.large,us-east-1b,0.0684,0.13
2024-01-02 23:30:00,t3.medium,us-east-1a,0.0478,0.1
2024-01-02 23:30:00,t3.medium,us-east-1b,0.0503,0.1
2024-01-03 00:00:00,m5.large,us-east-1a,0.0975,0.15000000000000002
2024-01-03 00:00:00,m5.large,us-east-1b,0.0932,0.15000000000000002
2024-01-03 00:00:00,c5.large,us-east-1a,0.07,0.13
2024-01-03 00:00:00,c5.large,us-east-1b,0.0772,0.13
2024-01-03 00:00:00,t3.medium,us-east-1a,0.0443,0.1
2024-01-03 00:00:00,t3.medium,us-east-1b,0.0557,0.1
2024-01-03 00:30:00,m5.large,us-east-1a,0.114,0.15000000000000002
2024-01-03 00:30:00,m5.large,us-east-1b,0.1592,0.15000000000000002
2024-01-03 00:30:00,c5.large,us-east-1a,0.0806,0.13
2024-01-03 00:30:00,c5.large,us-east-1b,0.0735,0.13
2024-01-03 00:30:00,t3.medium,us-east-1a,0.059,0.1
2024-01-03 00:30:00,t3.medium,us-east-1b,0.0564,0.1
2024-01-03 01:00:00,m5.large,us-east-1a,0.1132,0.15000000000000002
2024-01-03 01:00:00,m5.large,us-east-1b,0.102,0.15000000000000002
2024-01-03 01:00:00,c5.large,us-east-1a,0.0974,0.13
2024-01-03 01:00:00,c5.large,us-east-1b,0.082,0.13
2024-01-03 01:00:00,t3.medium,us-east-1a,0.0435,0.1
2024-01-03 01:00:00,t3.medium,us-east-1b,0.0452,0.1
2024-01-03 01:30:00,m5.large,us-east-1a,0.1052,0.15000000000000002
2024-01-03 01:30:00,m5.large,us-east-1b,0.0943,0.15000000000000002
2024-01-03 01:30:00,c5.large,us-east-1a,0.0973,0.13
2024-01-03 01:30:00,c5.large,us-east-1b,0.1344,0.13
2024-01-03 01:30:00,t3.medium,us-east-1a,0.0504,0.1
2024-01-03 01:30:00,t3.medium,us-east-1b,0.0512,0.1
2024-01-03 02:00:00,m5.large,us-east-1a,0.0974,0.15000000000000002
2024-01-03 02:00:00,m5.large,us-east-1b,0.0833,0.15000000000000002
2024-01-03 02:00:00,c5.large,us-east-1a,0.0752,0.13
2024-01-03 02:00:00,c5.large,us-east-1b,0.0957,0.13
2024-01-03 02:00:00,t3.medium,us-east-1a,0.0522,0.1
2024-01-03 02:00:00,t3.medium,us-east-1b,0.0605,0.1
2024-01-03 02:30:00,m5.large,us-east-1a,0.1608,0.15000000000000002
2024-01-03 02:30:00,m5.large,us-east-1b,0.0996,0.15000000000000002
2024-01-03 02:30:00,c5.large,us-east-1a,0.1365,0.13
2024-01-03 02:30:00,c5.large,us-east-1b,0.0642,0.13
2024-01-03 02:30:00,t3.medium,us-east-1a,0.0648,0.1
2024-01-03 02:30:00,t3.medium,us-east-1b,0.0638,0.1
2024-01-03 03:00:00,m5.large,us-east-1a,0.1049,0.15000000000000002
2024-01-03 03:00:00,m5.large,us-east-1b,0.1026,0.15000000000000002
2024-01-03 03:00:00,c5.large,us-east-1a,0.0797,0.13
2024-01-03 03:00:00,c5.large,us-east-1b,0.0917,0.13
2024-01-03 03:00:00,t3.medium,us-east-1a,0.0577,0.1
2024-01-03 03:00:00,t3.medium,us-east-1b,0.0215,0.1
2024-01-03 03:30:00,m5.large,us-east-1a,0.1464,0.15000000000000002
2024-01-03 03:30:00,m5.large,us-east-1b,0.0888,0.15000000000000002
2024-01-03 03:30:00,c5.large,us-east-1a,0.0671,0.13
2024-01-03 03:30:00,c5.large,us-east-1b,0.0916,0.13
2024-01-03 03:30:00,t3.medium,us-east-1a,0.0495,0.1
2024-01-03 03:30:00,t3.medium,us-east-1b,0.0548,0.1
2024-01-03 04:00:00,m5.large,us-east-1a,0.1008,0.15000000000000002
2024-01-03 04:00:00,m5.large,us-east-1b,0.0872,0.15000000000000002
2024-01-03 04:00:00,c5.large,us-east-1a,0.0644,0.13
2024-01-03 04:00:00,c5.large,us-east-1b,0.0757,0.13
2024-01-03 04:00:00,t3.medium,us-east-1a,0.0465,0.1
2024-01-03 04:00:00,t3.medium,us-east-1b,0.0465,0.1
2024-01-03 04:30:00,m5.large,us-east-1a,0.0968,0.15000000000000002
2024-01-03 04:30:00,m5.large,us-east-1b,0.1208,0.15000000000000002
2024-01-03 04:30:00,c5.large,us-east-1a,0.0903,0.13
2024-01-03 04:30:00,c5.large,us-east-1b,0.0824,0.13
2024-01-03 04:30:00,t3.medium,us-east-1a,0.0493,0.1
2024-01-03 04:30:00,t3.medium,us-east-1b,0.0996,0.1
2024-01-03 05:00:00,m5.large,us-east-1a,0.1073,0.15000000000000002
2024-01-03 05:00:00,m5.large,us-east-1b,0.0992,0.15000000000000002
2024-01-03 05:00:00,c5.large,us-east-1a,0.0892,0.13
2024-01-03 05:00:00,c5.large,us-east-1b,0.0835,0.13
2024-01-03 05:00:00,t3.medium,us-east-1a,0.0709,0.1
2024-01-03 05:00:00,t3.medium,us-east-1b,0.0486,0.1
2024-01-03 05:30:00,m5.large,us-east-1a,0.1111,0.15000000000000002
2024-01-03 05:30:00,m5.large,us-east-1b,0.0896,0.15000000000000002
2024-01-03 05:30:00,c5.large,us-east-1a,0.0738,0.13
2024-01-03 05:30:00,c5.large,us-east-1b,0.0991,0.13
2024-01-03 05:30:00,t3.medium,us-east-1a,0.1087,0.1
2024-01-03 05:30:00,t3.medium,us-east-1b,0.055,0.1
2024-01-03 06:00:00,m5.large,us-east-1a,0.124,0.15000000000000002
2024-01-03 06:00:00,m5.large,us-east-1b,0.0994,0.15000000000000002
2024-01-03 06:00:00,c5.large,us-east-1a,0.0911,0.13
2024-01-03 06:00:00,c5.large,us-east-1b,0.0919,0.13
2024-01-03 06:00:00,t3.medium,us-east-1a,0.0663,0.1
2024-01-03 06:00:00,t3.medium,us-east-1b,0.0385,0.1
2024-01-03 06:30:00,m5.large,us-east-1a,0.0994,0.15000000000000002
2024-01-03 06:30:00,m5.large,us-east-1b,0.1033,0.15000000000000002
2024-01-03 06:30:00,c5.large,us-east-1a,0.0961,0.13
2024-01-03 06:30:00,c5.large,us-east-1b,0.0845,0.13
2024-01-03 06:30:00,t3.medium,us-east-1a,0.0619,0.1
2024-01-03 06:30:00,t3.medium,us-east-1b,0.0377,0.1
2024-01-03 07:00:00,m5.large,us-east-1a,0.097,0.15000000000000002
2024-01-03 07:00:00,m5.large,us-east-1b,0.1138,0.15000000000000002
2024-01-03 07:00:00,c5.large,us-east-1a,0.0783,0.13
2024-01-03 07:00:00,c5.large,us-east-1b,0.0802,0.13
2024-01-03 07:00:00,t3.medium,us-east-1a,0.0659,0.1
2024-01-03 07:00:00,t3.medium,us-east-1b,0.0415,0.1
2024-01-03 07:30:00,m5.large,us-east-1a,0.0936,0.15000000000000002
2024-01-03 07:30:00,m5.large,us-east-1b,0.0868,0.15000000000000002
2024-01-03 07:30:00,c5.large,us-east-1a,0.0964,0.13
2024-01-03 07:30:00,c5.large,us-east-1b,0.0901,0.13
2024-01-03 07:30:00,t3.medium,us-east-1a,0.0598,0.1
2024-01-03 07:30:00,t3.medium,us-east-1b,0.0468,0.1
2024-01-03 08:00:00,m5.large,us-east-1a,0.0861,0.15000000000000002
2024-01-03 08:00:00,m5.large,us-east-1b,0.0835,0.15000000000000002
2024-01-03 08:00:00,c5.large,us-east-1a,0.0938,0.13
2024-01-03 08:00:00,c5.large,us-east-1b,0.0856,0.13
2024-01-03 08:00:00,t3.medium,us-east-1a,0.0576,0.1
2024-01-03 08:00:00,t3.medium,us-east-1b,0.1028,0.1
2024-01-03 08:30:00,m5.large,us-east-1a,0.0925,0.15000000000000002
2024-01-03 08:30:00,m5.large,us-east-1b,0.0972,0.15000000000000002
2024-01-03 08:30:00,c5.large,us-east-1a,0.0701,0.13
2024-01-03 08:30:00,c5.large,us-east-1b,0.069,0.13
2024-01-03 08:30:00,t3.medium,us-east-1a,0.0592,0.1
2024-01-03 08:30:00,t3.medium,us-east-1b,0.0343,0.1
2024-01-03 09:00:00,m5.large,us-east-1a,0.0902,0.15000000000000002
2024-01-03 09:00:00,m5.large,us-east-1b,0.0978,0.15000000000000002
2024-01-03 09:00:00,c5.large,us-east-1a,0.0811,0.13
2024-01-03 09:00:00,c5.large,us-east-1b,0.0667,0.13
2024-01-03 09:00:00,t3.medium,us-east-1a,0.0841,0.1
2024-01-03 09:00:00,t3.medium,us-east-1b,0.0544,0.1
2024-01-03 09:30:00,m5.large,us-east-1a,0.1022,0.15000000000000002
2024-01-03 09:30:00,m5.large,us-east-1b,0.1136,0.15000000000000002
2024-01-03 09:30:00,c5.large,us-east-1a,0.0812,0.13
2024-01-03 09:30:00,c5.large,us-east-1b,0.0854,0.13
2024-01-03 09:30:00,t3.medium,us-east-1a,0.043,0.1
2024-01-03 09:30:00,t3.medium,us-east-1b,0.0434,0.1
2024-01-03 10:00:00,m5.large,us-east-1a,0.0876,0.15000000000000002
2024-01-03 10:00:00,m5.large,us-east-1b,0.0931,0.15000000000000002
2024-01-03 10:00:00,c5.large,us-east-1a,0.0771,0.13
2024-01-03 10:00:00,c5.large,us-east-1b,0.0925,0.13
2024-01-03 10:00:00,t3.medium,us-east-1a,0.0416,0.1
2024-01-03 10:00:00,t3.medium,us-east-1b,0.0715,0.1
2024-01-03 10:30:00,m5.large,us-east-1a,0.1063,0.15000000000000002
2024-01-03 10:30:00,m5.large,us-east-1b,0.1041,0.15000000000000002
2024-01-03 10:30:00,c5.large,us-east-1a,0.0804,0.13
2024-01-03 10:30:00,c5.large,us-east-1b,0.0785,0.13
2024-01-03 10:30:00,t3.medium,us-east-1a,0.0444,0.1
2024-01-03 10:30:00,t3.medium,us-east-1b,0.0363,0.1
2024-01-03 11:00:00,m5.large,us-east-1a,0.092,0.15000000000000002
2024-01-03 11:00:00,m5.large,us-east-1b,0.1164,0.15000000000000002
2024-01-03 11:00:00,c5.large,us-east-1a,0.0857,0.13
2024-01-03 11:00:00,c5.large,us-east-1b,0.0963,0.13
2024-01-03 11:00:00,t3.medium,us-east-1a,0.0442,0.1
2024-01-03 11:00:00,t3.medium,us-east-1b,0.0399,0.1
2024-01-03 11:30:00,m5.large,us-east-1a,0.1003,0.15000000000000002
2024-01-03 11:30:00,m5.large,us-east-1b,0.0923,0.15000000000000002
2024-01-03 11:30:00,c5.large,us-east-1a,0.0823,0.13
2024-01-03 11:30:00,c5.large,us-east-1b,0.0644,0.13
2024-01-03 11:30:00,t3.medium,us-east-1a,0.0301,0.1
2024-01-03 11:30:00,t3.medium,us-east-1b,0.0537,0.1
2024-01-03 12:00:00,m5.large,us-east-1a,0.1167,0.15000000000000002
2024-01-03 12:00:00,m5.large,us-east-1b,0.1042,0.15000000000000002
2024-01-03 12:00:00,c5.large,us-east-1a,0.0856,0.13
2024-01-03 12:00:00,c5.large,us-east-1b,0.0808,0.13
2024-01-03 12:00:00,t3.medium,us-east-1a,0.0517,0.1
2024-01-03 12:00:00,t3.medium,us-east-1b,0.0359,0.1
2024-01-03 12:30:00,m5.large,us-east-1a,0.0926,0.15000000000000002
2024-01-03 12:30:00,m5.large,us-east-1b,0.1124,0.15000000000000002
2024-01-03 12:30:00,c5.large,us-east-1a,0.1191,0.13
2024-01-03 12:30:00,c5.large,us-east-1b,0.1268,0.13
2024-01-03 12:30:00,t3.medium,us-east-1a,0.0621,0.1
2024-01-03 12:30:00,t3.medium,us-east-1b,0.0514,0.1
2024-01-03 13:00:00,m5.large,us-east-1a,0.1019,0.15000000000000002
2024-01-03 13:00:00,m5.large,us-east-1b,0.0969,0.15000000000000002
2024-01-03 13:00:00,c5.large,us-east-1a,0.0871,0.13
2024-01-03 13:00:00,c5.large,us-east-1b,0.0896,0.13
2024-01-03 13:00:00,t3.medium,us-east-1a,0.0421,0.1
2024-01-03 13:00:00,t3.medium,us-east-1b,0.0867,0.1
2024-01-03 13:30:00,m5.large,us-east-1a,0.0816,0.15000000000000002
2024-01-03 13:30:00,m5.large,us-east-1b,0.1051,0.15000000000000002
2024-01-03 13:30:00,c5.large,us-east-1a,0.1339,0.13
2024-01-03 13:30:00,c5.large,us-east-1b,0.1049,0.13
2024-01-03 13:30:00,t3.medium,us-east-1a,0.0508,0.1
2024-01-03 13:30:00,t3.medium,us-east-1b,0.049,0.1
2024-01-03 14:00:00,m5.large,us-east-1a,0.1027,0.15000000000000002
2024-01-03 14:00:00,m5.large,us-east-1b,0.1032,0.15000000000000002
2024-01-03 14:00:00,c5.large,us-east-1a,0.0783,0.13
2024-01-03 14:00:00,c5.large,us-east-1b,0.0724,0.13
2024-01-03 14:00:00,t3.medium,us-east-1a,0.0503,0.1
2024-01-03 14:00:00,t3.medium,us-east-1b,0.0499,0.1
2024-01-03 14:30:00,m5.large,us-east-1a,0.0997,0.15000000000000002
2024-01-03 14:30:00,m5.large,us-east-1b,0.1082,0.15000000000000002
2024-01-03 14:30:00,c5.large,us-east-1a,0.0801,0.13
2024-01-03 14:30:00,c5.large,us-east-1b,0.0669,0.13
2024-01-03 14:30:00,t3.medium,us-east-1a,0.0439,0.1
2024-01-03 14:30:00,t3.medium,us-east-1b,0.0481,0.1
2024-01-03 15:00:00,m5.large,us-east-1a,0.1506,0.15000000000000002
2024-01-03 15:00:00,m5.large,us-east-1b,0.1053,0.15000000000000002
2024-01-03 15:00:00,c5.large,us-east-1a,0.0806,0.13
2024-01-03 15:00:00,c5.large,us-east-1b,0.0602,0.13
2024-01-03 15:00:00,t3.medium,us-east-1a,0.0379,0.1
2024-01-03 15:00:00,t3.medium,us-east-1b,0.056,0.1
2024-01-03 15:30:00,m5.large,us-east-1a,0.0979,0.15000000000000002
2024-01-03 15:30:00,m5.large,us-east-1b,0.1649,0.15000000000000002
2024-01-03 15:30:00,c5.large,us-east-1a,0.1315,0.13
2024-01-03 15:30:00,c5.large,us-east-1b,0.0766,0.13
2024-01-03 15:30:00,t3.medium,us-east-1a,0.0439,0.1
2024-01-03 15:30:00,t3.medium,us-east-1b,0.047,0.1
2024-01-03 16:00:00,m5.large,us-east-1a,0.1016,0.15000000000000002
2024-01-03 16:00:00,m5.large,us-east-1b,0.1,0.15000000000000002
2024-01-03 16:00:00,c5.large,us-east-1a,0.0895,0.13
2024-01-03 16:00:00,c5.large,us-east-1b,0.0652,0.13
2024-01-03 16:00:00,t3.medium,us-east-1a,0.0363,0.1
2024-01-03 16:00:00,t3.medium,us-east-1b,0.0478,0.1
2024-01-03 16:30:00,m5.large,us-east-1a,0.1054,0.15000000000000002
2024-01-03 16:30:00,m5.large,us-east-1b,0.1076,0.15000000000000002
2024-01-03 16:30:00,c5.large,us-east-1a,0.0742,0.13
2024-01-03 16:30:00,c5.large,us-east-1b,0.0541,0.13
2024-01-03 16:30:00,t3.medium,us-east-1a,0.0445,0.1
2024-01-03 16:30:00,t3.medium,us-east-1b,0.0539,0.1
2024-01-03 17:00:00,m5.large,us-east-1a,0.0998,0.15000000000000002
2024-01-03 17:00:00,m5.large,us-east-1b,0.1058,0.15000000000000002
2024-01-03 17:00:00,c5.large,us-east-1a,0.092,0.13
2024-01-03 17:00:00,c5.large,us-east-1b,0.0784,0.13
2024-01-03 17:00:00,t3.medium,us-east-1a,0.0456,0.1
2024-01-03 17:00:00,t3.medium,us-east-1b,0.0412,0.1
2024-01-03 17:30:00,m5.large,us-east-1a,0.0863,0.15000000000000002
2024-01-03 17:30:00,m5.large,us-east-1b,0.0839,0.15000000000000002
2024-01-03 17:30:00,c5.large,us-east-1a,0.0733,0.13
2024-01-03 17:30:00,c5.large,us-east-1b,0.0904,0.13
2024-01-03 17:30:00,t3.medium,us-east-1a,0.0568,0.1
2024-01-03 17:30:00,t3.medium,us-east-1b,0.0951,0.1
2024-01-03 18:00:00,m5.large,us-east-1a,0.1216,0.15000000000000002
2024-01-03 18:00:00,m5.large,us-east-1b,0.0939,0.15000000000000002
2024-01-03 18:00:00,c5.large,us-east-1a,0.093,0.13
2024-01-03 18:00:00,c5.large,us-east-1b,0.0956,0.13
2024-01-03 18:00:00,t3.medium,us-east-1a,0.0546,0.1
2024-01-03 18:00:00,t3.medium,us-east-1b,0.0432,0.1
2024-01-03 18:30:00,m5.large,us-east-1a,0.0963,0.15000000000000002
2024-01-03 18:30:00,m5.large,us-east-1b,0.1018,0.15000000000000002
2024-01-03 18:30:00,c5.large,us-east-1a,0.0665,0.13
2024-01-03 18:30:00,c5.large,us-east-1b,0.0703,0.13
2024-01-03 18:30:00,t3.medium,us-east-1a,0.0395,0.1
2024-01-03 18:30:00,t3.medium,us-east-1b,0.0554,0.1
2024-01-03 19:00:00,m5.large,us-east-1a,0.1119,0.15000000000000002
2024-01-03 19:00:00,m5.large,us-east-1b,0.1072,0.15000000000000002
2024-01-03 19:00:00,c5.large,us-east-1a,0.09,0.13
2024-01-03 19:00:00,c5.large,us-east-1b,0.0724,0.13
2024-01-03 19:00:00,t3.medium,us-east-1a,0.0468,0.1
2024-01-03 19:00:00,t3.medium,us-east-1b,0.0475,0.1
2024-01-03 19:30:00,m5.large,us-east-1a,0.1046,0.15000000000000002
2024-01-03 19:30:00,m5.large,us-east-1b,0.1717,0.15000000000000002
2024-01-03 19:30:00,c5.large,us-east-1a,0.1236,0.13
2024-01-03 19:30:00,c5.large,us-east-1b,0.0893,0.13
2024-01-03 19:30:00,t3.medium,us-east-1a,0.0653,0.1
2024-01-03 19:30:00,t3.medium,us-east-1b,0.0551,0.1
2024-01-03 20:00:00,m5.large,us-east-1a,0.1464,0.15000000000000002
2024-01-03 20:00:00,m5.large,us-east-1b,0.0916,0.15000000000000002
2024-01-03 20:00:00,c5.large,us-east-1a,0.0696,0.13
2024-01-03 20:00:00,c5.large,us-east-1b,0.0603,0.13
2024-01-03 20:00:00,t3.medium,us-east-1a,0.0478,0.1
2024-01-03 20:00:00,t3.medium,us-east-1b,0.0472,0.1
2024-01-03 20:30:00,m5.large,us-east-1a,0.1086,0.15000000000000002
2024-01-03 20:30:00,m5.large,us-east-1b,0.0942,0.15000000000000002
2024-01-03 20:30:00,c5.large,us-east-1a,0.0783,0.13
2024-01-03 20:30:00,c5.large,us-east-1b,0.0828,0.13
2024-01-03 20:30:00,t3.medium,us-east-1a,0.0549,0.1
2024-01-03 20:30:00,t3.medium,us-east-1b,0.0573,0.1
2024-01-03 21:00:00,m5.large,us-east-1a,0.1518,0.15000000000000002
2024-01-03 21:00:00,m5.large,us-east-1b,0.137,0.15000000000000002
2024-01-03 21:00:00,c5.large,us-east-1a,0.084,0.13
2024-01-03 21:00:00,c5.large,us-east-1b,0.0735,0.13
2024-01-03 21:00:00,t3.medium,us-east-1a,0.0624,0.1
2024-01-03 21:00:00,t3.medium,us-east-1b,0.0502,0.1
2024-01-03 21:30:00,m5.large,us-east-1a,0.1024,0.15000000000000002
2024-01-03 21:30:00,m5.large,us-east-1b,0.126,0.15000000000000002
2024-01-03 21:30:00,c5.large,us-east-1a,0.0875,0.13
2024-01-03 21:30:00,c5.large,us-east-1b,0.0838,0.13
2024-01-03 21:30:00,t3.medium,us-east-1a,0.0486,0.1
2024-01-03 21:30:00,t3.medium,us-east-1b,0.0378,0.1
2024-01-03 22:00:00,m5.large,us-east-1a,0.0979,0.15000000000000002
2024-01-03 22:00:00,m5.large,us-east-1b,0.0915,0.15000000000000002
2024-01-03 22:00:00,c5.large,us-east-1a,0.0967,0.13
2024-01-03 22:00:00,c5.large,us-east-1b,0.0839,0.13
2024-01-03 22:00:00,t3.medium,us-east-1a,0.062,0.1
2024-01-03 22:00:00,t3.medium,us-east-1b,0.0439,0.1
2024-01-03 22:30:00,m5.large,us-east-1a,0.1422,0.15000000000000002
2024-01-03 22:30:00,m5.large,us-east-1b,0.1065,0.15000000000000002
2024-01-03 22:30:00,c5.large,us-east-1a,0.0711,0.13
2024-01-03 22:30:00,c5.large,us-east-1b,0.0756,0.13
2024-01-03 22:30:00,t3.medium,us-east-1a,0.0673,0.1
2024-01-03 22:30:00,t3.medium,us-east-1b,0.046,0.1
2024-01-03 23:00:00,m5.large,us-east-1a,0.0858,0.15000000000000002
2024-01-03 23:00:00,m5.large,us-east-1b,0.0824,0.15000000000000002
2024-01-03 23:00:00,c5.large,us-east-1a,0.0647,0.13
2024-01-03 23:00:00,c5.large,us-east-1b,0.0926,0.13
2024-01-03 23:00:00,t3.medium,us-east-1a,0.0445,0.1
2024-01-03 23:00:00,t3.medium,us-east-1b,0.0756,0.1
2024-01-03 23:30:00,m5.large,us-east-1a,0.1154,0.15000000000000002
2024-01-03 23:30:00,m5.large,us-east-1b,0.1201,0.15000000000000002
2024-01-03 23:30:00,c5.large,us-east-1a,0.0902,0.13
2024-01-03 23:30:00,c5.large,us-east-1b,0.0859,0.13
2024-01-03 23:30:00,t3.medium,us-east-1a,0.0418,0.1
2024-01-03 23:30:00,t3.medium,us-east-1b,0.05,0.1
2024-01-04 00:00:00,m5.large,us-east-1a,0.107,0.15000000000000002
2024-01-04 00:00:00,m5.large,us-east-1b,0.1096,0.15000000000000002
2024-01-04 00:00:00,c5.large,us-east-1a,0.0686,0.13
2024-01-04 00:00:00,c5.large,us-east-1b,0.0781,0.13
2024-01-04 00:00:00,t3.medium,us-east-1a,0.0492,0.1
2024-01-04 00:00:00,t3.medium,us-east-1b,0.0488,0.1
2024-01-04 00:30:00,m5.large,us-east-1a,0.0898,0.15000000000000002
2024-01-04 00:30:00,m5.large,us-east-1b,0.1185,0.15000000000000002
2024-01-04 00:30:00,c5.large,us-east-1a,0.0777,0.13
2024-01-04 00:30:00,c5.large,us-east-1b,0.0704,0.13
2024-01-04 00:30:00,t3.medium,us-east-1a,0.0688,0.1
2024-01-04 00:30:00,t3.medium,us-east-1b,0.0654,0.1
2024-01-04 01:00:00,m5.large,us-east-1a,0.1014,0.15000000000000002
2024-01-04 01:00:00,m5.large,us-east-1b,0.1323,0.15000000000000002
2024-01-04 01:00:00,c5.large,us-east-1a,0.0753,0.13
2024-01-04 01:00:00,c5.large,us-east-1b,0.0641,0.13
2024-01-04 01:00:00,t3.medium,us-east-1a,0.0551,0.1
2024-01-04 01:00:00,t3.medium,us-east-1b,0.0447,0.1
2024-01-04 01:30:00,m5.large,us-east-1a,0.0997,0.15000000000000002
2024-01-04 01:30:00,m5.large,us-east-1b,0.1177,0.15000000000000002
2024-01-04 01:30:00,c5.large,us-east-1a,0.074,0.13
2024-01-04 01:30:00,c5.large,us-east-1b,0.0847,0.13
2024-01-04 01:30:00,t3.medium,us-east-1a,0.1077,0.1
2024-01-04 01:30:00,t3.medium,us-east-1b,0.0623,0.1
2024-01-04 02:00:00,m5.large,us-east-1a,0.099,0.15000000000000002
2024-01-04 02:00:00,m5.large,us-east-1b,0.098,0.15000000000000002
2024-01-04 02:00:00,c5.large,us-east-1a,0.0777,0.13
2024-01-04 02:00:00,c5.large,us-east-1b,0.0837,0.13
2024-01-04 02:00:00,t3.medium,us-east-1a,0.0649,0.1
2024-01-04 02:00:00,t3.medium,us-east-1b,0.0473,0.1
2024-01-04 02:30:00,m5.large,us-east-1a,0.0758,0.15000000000000002
2024-01-04 02:30:00,m5.large,us-east-1b,0.1088,0.15000000000000002
2024-01-04 02:30:00,c5.large,us-east-1a,0.1307,0.13
2024-01-04 02:30:00,c5.large,us-east-1b,0.0852,0.13
2024-01-04 02:30:00,t3.medium,us-east-1a,0.0344,0.1
2024-01-04 02:30:00,t3.medium,us-east-1b,0.0947,0.1
2024-01-04 03:00:00,m5.large,us-east-1a,0.1079,0.15000000000000002
2024-01-04 03:00:00,m5.large,us-east-1b,0.0875,0.15000000000000002
2024-01-04 03:00:00,c5.large,us-east-1a,0.0847,0.13
2024-01-04 03:00:00,c5.large,us-east-1b,0.0796,0.13
2024-01-04 03:00:00,t3.medium,us-east-1a,0.0427,0.1
2024-01-04 03:00:00,t3.medium,us-east-1b,0.0419,0.1
2024-01-04 03:30:00,m5.large,us-east-1a,0.0898,0.15000000000000002
2024-01-04 03:30:00,m5.large,us-east-1b,0.1006,0.15000000000000002
2024-01-04 03:30:00,c5.large,us-east-1a,0.0818,0.13
2024-01-04 03:30:00,c5.large,us-east-1b,0.0763,0.13
2024-01-04 03:30:00,t3.medium,us-east-1a,0.0393,0.1
2024-01-04 03:30:00,t3.medium,us-east-1b,0.0708,0.1
2024-01-04 04:00:00,m5.large,us-east-1a,0.1044,0.15000000000000002
2024-01-04 04:00:00,m5.large,us-east-1b,0.109,0.15000000000000002
2024-01-04 04:00:00,c5.large,us-east-1a,0.0862,0.13
2024-01-04 04:00:00,c5.large,us-east-1b,0.1006,0.13
2024-01-04 04:00:00,t3.medium,us-east-1a,0.0482,0.1
2024-01-04 04:00:00,t3.medium,us-east-1b,0.0637,0.1
2024-01-04 04:30:00,m5.large,us-east-1a,0.0935,0.15000000000000002
2024-01-04 04:30:00,m5.large,us-east-1b,0.092,0.15000000000000002
2024-01-04 04:30:00,c5.large,us-east-1a,0.0812,0.13
2024-01-04 04:30:00,c5.large,us-east-1b,0.0962,0.13
2024-01-04 04:30:00,t3.medium,us-east-1a,0.0971,0.1
2024-01-04 04:30:00,t3.medium,us-east-1b,0.0344,0.1
2024-01-04 05:00:00,m5.large,us-east-1a,0.1088,0.15000000000000002
2024-01-04 05:00:00,m5.large,us-east-1b,0.0992,0.15000000000000002
2024-01-04 05:00:00,c5.large,us-east-1a,0.083,0.13
2024-01-04 05:00:00,c5.large,us-east-1b,0.0725,0.13
2024-01-04 05:00:00,t3.medium,us-east-1a,0.0511,0.1
2024-01-04 05:00:00,t3.medium,us-east-1b,0.0356,0.1
2024-01-04 05:30:00,m5.large,us-east-1a,0.1187,0.15000000000000002
2024-01-04 05:30:00,m5.large,us-east-1b,0.1108,0.15000000000000002
2024-01-04 05:30:00,c5.large,us-east-1a,0.0807,0.13
2024-01-04 05:30:00,c5.large,us-east-1b,0.0885,0.13
2024-01-04 05:30:00,t3.medium,us-east-1a,0.0436,0.1
2024-01-04 05:30:00,t3.medium,us-east-1b,0.1103,0.1
2024-01-04 06:00:00,m5.large,us-east-1a,0.0967,0.15000000000000002
2024-01-04 06:00:00,m5.large,us-east-1b,0.096,0.15000000000000002
2024-01-04 06:00:00,c5.large,us-east-1a,0.0704,0.13
2024-01-04 06:00:00,c5.large,us-east-1b,0.0842,0.13
2024-01-04 06:00:00,t3.medium,us-east-1a,0.1002,0.1
2024-01-04 06:00:00,t3.medium,us-east-1b,0.0641,0.1
2024-01-04 06:30:00,m5.large,us-east-1a,0.0894,0.15000000000000002
2024-01-04 06:30:00,m5.large,us-east-1b,0.1043,0.15000000000000002
2024-01-04 06:30:00,c5.large,us-east-1a,0.0919,0.13
2024-01-04 06:30:00,c5.large,us-east-1b,0.1059,0.13
2024-01-04 06:30:00,t3.medium,us-east-1a,0.0519,0.1
2024-01-04 06:30:00,t3.medium,us-east-1b,0.0465,0.1
2024-01-04 07:00:00,m5.large,us-east-1a,0.1017,0.15000000000000002
2024-01-04 07:00:00,m5.large,us-east-1b,0.1132,0.15000000000000002
2024-01-04 07:00:00,c5.large,us-east-1a,0.0932,0.13
2024-01-04 07:00:00,c5.large,us-east-1b,0.0788,0.13
2024-01-04 07:00:00,t3.medium,us-east-1a,0.063,0.1
2024-01-04 07:00:00,t3.medium,us-east-1b,0.0498,0.1
2024-01-04 07:30:00,m5.large,us-east-1a,0.1084,0.15000000000000002
2024-01-04 07:30:00,m5.large,us-east-1b,0.1055,0.15000000000000002
2024-01-04 07:30:00,c5.large,us-east-1a,0.0761,0.13
2024-01-04 07:30:00,c5.large,us-east-1b,0.0708,0.13
2024-01-04 07:30:00,t3.medium,us-east-1a,0.0622,0.1
2024-01-04 07:30:00,t3.medium,us-east-1b,0.0652,0.1
2024-01-04 08:00:00,m5.large,us-east-1a,0.104,0.15000000000000002
2024-01-04 08:00:00,m5.large,us-east-1b,0.0998,0.15000000000000002
2024-01-04 08:00:00,c5.large,us-east-1a,0.0682,0.13
2024-01-04 08:00:00,c5.large,us-east-1b,0.0919,0.13
2024-01-04 08:00:00,t3.medium,us-east-1a,0.0528,0.1
2024-01-04 08:00:00,t3.medium,us-east-1b,0.0474,0.1
2024-01-04 08:30:00,m5.large,us-east-1a,0.1087,0.15000000000000002
2024-01-04 08:30:00,m5.large,us-east-1b,0.0865,0.15000000000000002
2024-01-04 08:30:00,c5.large,us-east-1a,0.07,0.13
2024-01-04 08:30:00,c5.large,us-east-1b,0.0732,0.13
2024-01-04 08:30:00,t3.medium,us-east-1a,0.0551,0.1
2024-01-04 08:30:00,t3.medium,us-east-1b,0.0518,0.1
2024-01-04 09:00:00,m5.large,us-east-1a,0.1063,0.15000000000000002
2024-01-04 09:00:00,m5.large,us-east-1b,0.1611,0.15000000000000002
2024-01-04 09:00:00,c5.large,us-east-1a,0.0867,0.13
2024-01-04 09:00:00,c5.large,us-east-1b,0.099,0.13
2024-01-04 09:00:00,t3.medium,us-east-1a,0.0611,0.1
2024-01-04 09:00:00,t3.medium,us-east-1b,0.0488,0.1
2024-01-04 09:30:00,m5.large,us-east-1a,0.0946,0.15000000000000002
2024-01-04 09:30:00,m5.large,us-east-1b,0.1491,0.15000000000000002
2024-01-04 09:30:00,c5.large,us-east-1a,0.0871,0.13
2024-01-04 09:30:00,c5.large,us-east-1b,0.1256,0.13
2024-01-04 09:30:00,t3.medium,us-east-1a,0.0574,0.1
2024-01-04 09:30:00,t3.medium,us-east-1b,0.1062,0.1
2024-01-04 10:00:00,m5.large,us-east-1a,0.0906,0.15000000000000002
2024-01-04 10:00:00,m5.large,us-east-1b,0.1109,0.15000000000000002
2024-01-04 10:00:00,c5.large,us-east-1a,0.0837,0.13
2024-01-04 10:00:00,c5.large,us-east-1b,0.0984,0.13
2024-01-04 10:00:00,t3.medium,us-east-1a,0.0498,0.1
2024-01-04 10:00:00,t3.medium,us-east-1b,0.047,0.1
2024-01-04 10:30:00,m5.large,us-east-1a,0.0895,0.15000000000000002
2024-01-04 10:30:00,m5.large,us-east-1b,0.0893,0.15000000000000002
2024-01-04 10:30:00,c5.large,us-east-1a,0.0895,0.13
2024-01-04 10:30:00,c5.large,us-east-1b,0.0971,0.13
2024-01-04 10:30:00,t3.medium,us-east-1a,0.049,0.1
2024-01-04 10:30:00,t3.medium,us-east-1b,0.0483,0.1
2024-01-04 11:00:00,m5.large,us-east-1a,0.1007,0.15000000000000002
2024-01-04 11:00:00,m5.large,us-east-1b,0.1116,0.15000000000000002
2024-01-04 11:00:00,c5.large,us-east-1a,0.0707,0.13
2024-01-04 11:00:00,c5.large,us-east-1b,0.1324,0.13
2024-01-04 11:00:00,t3.medium,us-east-1a,0.0598,0.1
2024-01-04 11:00:00,t3.medium,us-east-1b,0.055,0.1
2024-01-04 11:30:00,m5.large,us-east-1a,0.073,0.15000000000000002
2024-01-04 11:30:00,m5.large,us-east-1b,0.1068,0.15000000000000002
2024-01-04 11:30:00,c5.large,us-east-1a,0.0851,0.13
2024-01-04 11:30:00,c5.large,us-east-1b,0.0937,0.13
2024-01-04 11:30:00,t3.medium,us-east-1a,0.0661,0.1
2024-01-04 11:30:00,t3.medium,us-east-1b,0.0631,0.1
2024-01-04 12:00:00,m5.large,us-east-1a,0.1008,0.15000000000000002
2024-01-04 12:00:00,m5.large,us-east-1b,0.084,0.15000000000000002
2024-01-04 12:00:00,c5.large,us-east-1a,0.1517,0.13
2024-01-04 12:00:00,c5.large,us-east-1b,0.0782,0.13
2024-01-04 12:00:00,t3.medium,us-east-1a,0.0504,0.1
2024-01-04 12:00:00,t3.medium,us-east-1b,0.067,0.1
2024-01-04 12:30:00,m5.large,us-east-1a,0.0926,0.15000000000000002
2024-01-04 12:30:00,m5.large,us-east-1b,0.0868,0.15000000000000002
2024-01-04 12:30:00,c5.large,us-east-1a,0.1257,0.13
2024-01-04 12:30:00,c5.large,us-east-1b,0.0731,0.13
2024-01-04 12:30:00,t3.medium,us-east-1a,0.0359,0.1
2024-01-04 12:30:00,t3.medium,us-east-1b,0.0492,0.1
2024-01-04 13:00:00,m5.large,us-east-1a,0.1008,0.15000000000000002
2024-01-04 13:00:00,m5.large,us-east-1b,0.0854,0.15000000000000002
2024-01-04 13:00:00,c5.large,us-east-1a,0.0769,0.13
2024-01-04 13:00:00,c5.large,us-east-1b,0.0725,0.13
2024-01-04 13:00:00,t3.medium,us-east-1a,0.0812,0.1
2024-01-04 13:00:00,t3.medium,us-east-1b,0.0512,0.1
2024-01-04 13:30:00,m5.large,us-east-1a,0.1021,0.15000000000000002
2024-01-04 13:30:00,m5.large,us-east-1b,0.0925,0.15000000000000002
2024-01-04 13:30:00,c5.large,us-east-1a,0.0908,0.13
2024-01-04 13:30:00,c5.large,us-east-1b,0.0802,0.13
2024-01-04 13:30:00,t3.medium,us-east-1a,0.0429,0.1
2024-01-04 13:30:00,t3.medium,us-east-1b,0.0349,0.1
2024-01-04 14:00:00,m5.large,us-east-1a,0.1027,0.15000000000000002
2024-01-04 14:00:00,m5.large,us-east-1b,0.1051,0.15000000000000002
2024-01-04 14:00:00,c5.large,us-east-1a,0.0752,0.13
2024-01-04 14:00:00,c5.large,us-east-1b,0.0815,0.13
2024-01-04 14:00:00,t3.medium,us-east-1a,0.0661,0.1
2024-01-04 14:00:00,t3.medium,us-east-1b,0.059,0.1
2024-01-04 14:30:00,m5.large,us-east-1a,0.0785,0.15000000000000002
2024-01-04 14:30:00,m5.large,us-east-1b,0.0928,0.15000000000000002
2024-01-04 14:30:00,c5.large,us-east-1a,0.0787,0.13
2024-01-04 14:30:00,c5.large,us-east-1b,0.0808,0.13
2024-01-04 14:30:00,t3.medium,us-east-1a,0.0517,0.1
2024-01-04 14:30:00,t3.medium,us-east-1b,0.0544,0.1
2024-01-04 15:00:00,m5.large,us-east-1a,0.099,0.15000000000000002
2024-01-04 15:00:00,m5.large,us-east-1b,0.1502,0.15000000000000002
2024-01-04 15:00:00,c5.large,us-east-1a,0.0895,0.13
2024-01-04 15:00:00,c5.large,us-east-1b,0.0829,0.13
2024-01-04 15:00:00,t3.medium,us-east-1a,0.0386,0.1
2024-01-04 15:00:00,t3.medium,us-east-1b,0.0511,0.1
2024-01-04 15:30:00,m5.large,us-east-1a,0.0987,0.15000000000000002
2024-01-04 15:30:00,m5.large,us-east-1b,0.0812,0.15000000000000002
2024-01-04 15:30:00,c5.large,us-east-1a,0.0816,0.13
2024-01-04 15:30:00,c5.large,us-east-1b,0.0697,0.13
2024-01-04 15:30:00,t3.medium,us-east-1a,0.0597,0.1
2024-01-04 15:30:00,t3.medium,us-east-1b,0.0543,0.1
2024-01-04 16:00:00,m5.large,us-east-1a,0.0881,0.15000000000000002
2024-01-04 16:00:00,m5.large,us-east-1b,0.1092,0.15000000000000002
2024-01-04 16:00:00,c5.large,us-east-1a,0.0939,0.13
2024-01-04 16:00:00,c5.large,us-east-1b,0.0775,0.13
2024-01-04 16:00:00,t3.medium,us-east-1a,0.0487,0.1
2024-01-04 16:00:00,t3.medium,us-east-1b,0.0581,0.1
2024-01-04 16:30:00,m5.large,us-east-1a,0.113,0.15000000000000002
2024-01-04 16:30:00,m5.large,us-east-1b,0.0834,0.15000000000000002
2024-01-04 16:30:00,c5.large,us-east-1a,0.0691,0.13
2024-01-04 16:30:00,c5.large,us-east-1b,0.0759,0.13
2024-01-04 16:30:00,t3.medium,us-east-1a,0.0469,0.1
2024-01-04 16:30:00,t3.medium,us-east-1b,0.0578,0.1
2024-01-04 17:00:00,m5.large,us-east-1a,0.1131,0.15000000000000002
2024-01-04 17:00:00,m5.large,us-east-1b,0.114,0.15000000000000002
2024-01-04 17:00:00,c5.large,us-east-1a,0.0632,0.13
2024-01-04 17:00:00,c5.large,us-east-1b,0.0719,0.13
2024-01-04 17:00:00,t3.medium,us-east-1a,0.0877,0.1
2024-01-04 17:00:00,t3.medium,us-east-1b,0.0441,0.1
2024-01-04 17:30:00,m5.large,us-east-1a,0.0919,0.15000000000000002
2024-01-04 17:30:00,m5.large,us-east-1b,0.1042,0.15000000000000002
2024-01-04 17:30:00,c5.large,us-east-1a,0.0855,0.13
2024-01-04 17:30:00,c5.large,us-east-1b,0.0801,0.13
2024-01-04 17:30:00,t3.medium,us-east-1a,0.0491,0.1
2024-01-04 17:30:00,t3.medium,us-east-1b,0.0463,0.1
2024-01-04 18:00:00,m5.large,us-east-1a,0.0974,0.15000000000000002
2024-01-04 18:00:00,m5.large,us-east-1b,0.166,0.15000000000000002
2024-01-04 18:00:00,c5.large,us-east-1a,0.087,0.13
2024-01-04 18:00:00,c5.large,us-east-1b,0.0767,0.13
2024-01-04 18:00:00,t3.medium,us-east-1a,0.0489,0.1
2024-01-04 18:00:00,t3.medium,us-east-1b,0.0545,0.1
2024-01-04 18:30:00,m5.large,us-east-1a,0.0881,0.15000000000000002
2024-01-04 18:30:00,m5.large,us-east-1b,0.1014,0.15000000000000002
2024-01-04 18:30:00,c5.large,us-east-1a,0.0864,0.13
2024-01-04 18:30:00,c5.large,us-east-1b,0.085,0.13
2024-01-04 18:30:00,t3.medium,us-east-1a,0.0421,0.1
2024-01-04 18:30:00,t3.medium,us-east-1b,0.0438,0.1
2024-01-04 19:00:00,m5.large,us-east-1a,0.0802,0.15000000000000002
2024-01-04 19:00:00,m5.large,us-east-1b,0.1075,0.15000000000000002
2024-01-04 19:00:00,c5.large,us-east-1a,0.1007,0.13
2024-01-04 19:00:00,c5.large,us-east-1b,0.0708,0.13
2024-01-04 19:00:00,t3.medium,us-east-1a,0.061,0.1
2024-01-04 19:00:00,t3.medium,us-east-1b,0.0696,0.1
2024-01-04 19:30:00,m5.large,us-east-1a,0.0953,0.15000000000000002
2024-01-04 19:30:00,m5.large,us-east-1b,0.0989,0.15000000000000002
2024-01-04 19:30:00,c5.large,us-east-1a,0.0825,0.13
2024-01-04 19:30:00,c5.large,us-east-1b,0.0847,0.13
2024-01-04 19:30:00,t3.medium,us-east-1a,0.0531,0.1
2024-01-04 19:30:00,t3.medium,us-east-1b,0.0461,0.1
2024-01-04 20:00:00,m5.large,us-east-1a,0.1562,0.15000000000000002
2024-01-04 20:00:00,m5.large,us-east-1b,0.0963,0.15000000000000002
2024-01-04 20:00:00,c5.large,us-east-1a,0.0838,0.13
2024-01-04 20:00:00,c5.large,us-east-1b,0.0797,0.13
2024-01-04 20:00:00,t3.medium,us-east-1a,0.0323,0.1
2024-01-04 20:00:00,t3.medium,us-east-1b,0.0626,0.1
2024-01-04 20:30:00,m5.large,us-east-1a,0.094,0.15000000000000002
2024-01-04 20:30:00,m5.large,us-east-1b,0.1137,0.15000000000000002
2024-01-04 20:30:00,c5.large,us-east-1a,0.1406,0.13
2024-01-04 20:30:00,c5.large,us-east-1b,0.0822,0.13
2024-01-04 20:30:00,t3.medium,us-east-1a,0.0552,0.1
2024-01-04 20:30:00,t3.medium,us-east-1b,0.1065,0.1
2024-01-04 21:00:00,m5.large,us-east-1a,0.098,0.15000000000000002
2024-01-04 21:00:00,m5.large,us-east-1b,0.0985,0.15000000000000002
2024-01-04 21:00:00,c5.large,us-east-1a,0.0859,0.13
2024-01-04 21:00:00,c5.large,us-east-1b,0.1006,0.13
2024-01-04 21:00:00,t3.medium,us-east-1a,0.0498,0.1
2024-01-04 21:00:00,t3.medium,us-east-1b,0.0461,0.1
2024-01-04 21:30:00,m5.large,us-east-1a,0.0923,0.15000000000000002
2024-01-04 21:30:00,m5.large,us-east-1b,0.1041,0.15000000000000002
2024-01-04 21:30:00,c5.large,us-east-1a,0.0737,0.13
2024-01-04 21:30:00,c5.large,us-east-1b,0.1386,0.13
2024-01-04 21:30:00,t3.medium,us-east-1a,0.0595,0.1
2024-01-04 21:30:00,t3.medium,us-east-1b,0.0551,0.1
2024-01-04 22:00:00,m5.large,us-east-1a,0.1073,0.15000000000000002
2024-01-04 22:00:00,m5.large,us-east-1b,0.1052,0.15000000000000002
2024-01-04 22:00:00,c5.large,us-east-1a,0.088,0.13
2024-01-04 22:00:00,c5.large,us-east-1b,0.0875,0.13
2024-01-04 22:00:00,t3.medium,us-east-1a,0.0535,0.1
2024-01-04 22:00:00,t3.medium,us-east-1b,0.0607,0.1
2024-01-04 22:30:00,m5.large,us-east-1a,0.0984,0.15000000000000002
2024-01-04 22:30:00,m5.large,us-east-1b,0.0926,0.15000000000000002
2024-01-04 22:30:00,c5.large,us-east-1a,0.0721,0.13
2024-01-04 22:30:00,c5.large,us-east-1b,0.1269,0.13
2024-01-04 22:30:00,t3.medium,us-east-1a,0.0311,0.1
2024-01-04 22:30:00,t3.medium,us-east-1b,0.0521,0.1
2024-01-04 23:00:00,m5.large,us-east-1a,0.1066,0.15000000000000002
2024-01-04 23:00:00,m5.large,us-east-1b,0.1094,0.15000000000000002
2024-01-04 23:00:00,c5.large,us-east-1a,0.0639,0.13
2024-01-04 23:00:00,c5.large,us-east-1b,0.0724,0.13
2024-01-04 23:00:00,t3.medium,us-east-1a,0.0583,0.1
2024-01-04 23:00:00,t3.medium,us-east-1b,0.0481,0.1
2024-01-04 23:30:00,m5.large,us-east-1a,0.1564,0.15000000000000002
2024-01-04 23:30:00,m5.large,us-east-1b,0.0876,0.15000000000000002
2024-01-04 23:30:00,c5.large,us-east-1a,0.0936,0.13
2024-01-04 23:30:00,c5.large,us-east-1b,0.0669,0.13
2024-01-04 23:30:00,t3.medium,us-east-1a,0.0198,0.1
2024-01-04 23:30:00,t3.medium,us-east-1b,0.0518,0.1
2024-01-05 00:00:00,m5.large,us-east-1a,0.1021,0.15000000000000002
2024-01-05 00:00:00,m5.large,us-east-1b,0.0951,0.15000000000000002
2024-01-05 00:00:00,c5.large,us-east-1a,0.0848,0.13
2024-01-05 00:00:00,c5.large,us-east-1b,0.0851,0.13
2024-01-05 00:00:00,t3.medium,us-east-1a,0.0539,0.1
2024-01-05 00:00:00,t3.medium,us-east-1b,0.0449,0.1
